customer_id,first_name,last_name,password,segment,email,phone_number
10015,Aaron,Bergman,JuNdlE,Consumer,lleban0@adobe.com,209-491-5721
10045,Aaron,Smayling,hGaFz7uVQ,Corporate,hhorwell1@nbcnews.com,712-479-8036
10060,Adam,Bellavance,VSSGJUe,Home Office,ylupson2@studiopress.com,869-735-4197
10075,Adam,Hart,mkviAsU6Sa,Corporate,tobreen3@stanford.edu,665-313-1788
10090,Adam,Shillingsburg,FOTVGMxvo,Consumer,mdanby4@msn.com,902-349-8085
10105,Adrian,Barton,3v0LNdArw,Consumer,wtwycross5@google.de,411-372-3651
10120,Adrian,Hane,3kzaLGJbdfW,Home Office,gsaladine6@free.fr,986-102-6468
10135,Adrian,Shami,gMH5FZKuv,Home Office,nsugden7@sfgate.com,686-751-5144
10150,Aimee,Bixby,METocILVDVH,Consumer,rlayborn8@skyrock.com,858-238-1996
10165,Alan,Barnes,TkbGVp,Consumer,schatfield9@nhs.uk,322-892-6415
10180,Alan,Dominguez,joYo41,Home Office,kgarlicka@cargocollective.com,949-512-0641
10195,Alan,Haines,jEK9nnBG,Corporate,pcottomb@quantcast.com,952-434-8522
10210,Alan,Hwang,st8uY9t84Uy,Consumer,yollivec@craigslist.org,666-180-7169
10225,Alan,Schoenberger,7GZZVyn,Corporate,gmelrosed@nytimes.com,616-707-7958
10240,Alan,Shonely,g0sOLkQ,Consumer,abreckelle@mediafire.com,139-571-7176
10255,Alejandro,Ballentine,EuVMgOk,Home Office,emcgarrief@google.co.jp,725-945-5945
10270,Alejandro,Grove,6Mch8Pt,Consumer,iclemendotg@list-manage.com,502-142-2665
10285,Alejandro,Savely,1a4IvWJnS,Corporate,jgeaterh@wikia.com,150-166-1866
10300,Aleksandra,Gannaway,4O7GbQwtZRU,Corporate,ddewanei@webnode.com,146-415-3929
10315,Alex,Avila,fiW4E8zhVnT,Consumer,jschollingj@cisco.com,103-515-6792
10330,Alex,Grayson,jPOUgsYb,Consumer,hkimblek@mediafire.com,126-206-8457
10345,Alex,Russell,2VUQgWCSciw,Corporate,vdaulbyl@yale.edu,822-508-4169
10360,Alice,McCarthy,r7WUVsI,Corporate,sdinehartm@apache.org,911-890-1282
10375,Allen,Armold,ETVfx7H08,Consumer,bperrittn@sohu.com,431-490-6843
10390,Allen,Goldenen,QnyRCj5QfGM,Consumer,jlundbergo@washingtonpost.com,326-345-5523
10405,Allen,Rosenblatt,bFiRcs8,Corporate,speppardp@china.com.cn,703-534-5941
10420,Alyssa,Crouse,T9zV4R,Corporate,sjackalinq@umich.edu,447-236-2749
10435,Alyssa,Tate,Go56ZE,Home Office,ssoutherillr@jimdo.com,278-200-9058
10450,Amy,Cox,aPX77V,Consumer,ttunesis@utexas.edu,334-471-0223
10465,Amy,Hunt,SqT8bKfqVL,Consumer,rjoscelint@youtu.be,136-933-8224
10480,Andrew,Allen,JJ7DOWnSJOml,Consumer,bpeetu@reference.com,405-530-1484
10495,Andrew,Gjertsen,cgJjkJ,Corporate,rmoehlev@dell.com,340-721-6650
10510,Andrew,Roberts,LdxEDrA,Consumer,pblazejw@stanford.edu,643-137-7154
10525,Andy,Gerbode,z9ttJtubZfQj,Corporate,kfisbburnex@tripadvisor.com,486-319-4856
10540,Andy,Reiter,ZtcNxk,Consumer,hcoombery@technorati.com,901-392-5512
10555,Andy,Yotov,PQ7crjc9EC,Corporate,lgoodinsonz@illinois.edu,455-812-6674
10585,Angele,Hood,ByZk8o7W,Consumer,cballston10@spiegel.de,213-967-1196
10600,Ann,Blume,E31z0m5,Corporate,rblazynski11@epa.gov,827-823-4948
10615,Ann,Chong,qNdk9fegLpx,Corporate,nnemchinov12@ox.ac.uk,917-595-7339
10630,Ann,Steele,Iq2bmlwP9s7,Home Office,tcrockatt13@ocn.ne.jp,524-173-7744
10645,Anna,Andreadi,daA6K8U7,Consumer,lmckerron14@google.fr,947-195-5713
10660,Anna,Chung,fWzSFuX43QWc,Consumer,vmeir15@tuttocitta.it,190-246-7782
10675,Anna,Gayman,lEOPdLxhOny,Consumer,elambertazzi16@prlog.org,719-496-1416
10690,Anna,Häberlin,eTOA7Yi,Corporate,abricksey17@home.pl,586-668-2595
10705,Anne,McFarland,wQie2WrjXzQ,Consumer,gcolson18@who.int,450-179-5852
10720,Anne,Pryor,RfUUZo1,Home Office,rdjokic19@delicious.com,302-920-7408
10735,Annie,Thurman,xuhc7LY,Consumer,vsolleme1a@goodreads.com,894-954-6389
10765,Anthony,Garverick,eh1E4ozalD,Home Office,cscorton1b@nhs.uk,336-598-6060
10780,Anthony,Jacobs,nqdkKLOpzNKX,Corporate,mtreweela1c@instagram.com,263-933-7003
10795,Anthony,Johnson,k2c41aLnDB,Corporate,lwillison1d@jugem.jp,713-129-1382
10825,Anthony,Rawles,2t7KXz2i7Uxb,Corporate,zyankishin1e@arizona.edu,482-990-2581
10840,Anthony,Witt,X8l1gd,Consumer,tdickon1f@4shared.com,297-997-4364
10855,Arianne,Irving,Xv0wpdXyw68H,Consumer,mfuggles1g@hp.com,448-575-8671
10870,Art,Ferguson,1Sd49tNOJFV,Consumer,hrymour1h@blogspot.com,702-690-6547
10885,Art,Foster,bO0uvy,Consumer,vbilton1i@canalblog.com,185-543-2356
10900,Arthur,Gainer,sWF2NOsixE,Consumer,bsuddards1j@harvard.edu,488-569-9868
10915,Arthur,Prichep,HJJKfSn2iW,Consumer,ymarzelli1k@cornell.edu,565-986-9336
10930,Arthur,Wiediger,dtUP8p7jqNA,Home Office,bmilberry1l@privacy.gov.au,246-974-6394
10945,Ashley,Jarboe,zGtCFM,Consumer,bcommings1m@blogger.com,468-947-4632
10960,Astrea,Jones,tPc2eB,Consumer,ihaysham1n@ehow.com,788-274-8688
10975,Barbara,Fisher,p29ptS9m704,Corporate,eburril1o@gov.uk,639-957-8913
10990,Barry,Blumstein,QgnrFrtALg,Corporate,edunnet1p@squarespace.com,540-915-4951
11005,Barry,Franz,xnMLEt,Home Office,csilcock1q@theglobeandmail.com,701-893-4877
11020,Barry,Französisch,ubYo2snWLz,Corporate,bgasticke1r@seattletimes.com,840-956-9901
11080,Bart,Folk,sYqXzqH4,Consumer,btheurer1s@dedecms.com,169-346-2380
11095,Bart,Pistole,EPaHBgDEtviQ,Corporate,jhoutby1t@cocolog-nifty.com,208-872-4403
11110,Bart,Watters,paj2BMR,Corporate,mmayling1u@amazon.de,183-222-1353
11125,Becky,Castell,14VQpPO988VT,Home Office,ffurst1v@g.co,130-899-0531
11140,Becky,Martin,bQX6Uvl,Consumer,tcrosham1w@mapquest.com,533-827-1870
11155,Becky,Pak,WZRJdVIQ8r,Consumer,gwidmoor1x@liveinternet.ru,614-970-2017
11170,Ben,Ferrer,U2cNwhu,Home Office,rpattenden1y@mediafire.com,456-307-0987
11185,Ben,Peterman,HIcOLSJX0jL,Corporate,zcowderay1z@ucsd.edu,235-567-7999
11200,Ben,Wallace,gNybJazk,Consumer,tmcglade20@comcast.net,722-860-9833
11215,Benjamin,Farhat,UN1qE6fApbF,Home Office,bberkley21@rakuten.co.jp,827-207-8785
11230,Benjamin,Patterson,VjoRsL,Consumer,aswainson22@discovery.com,543-892-5282
11245,Benjamin,Venier,UoAF0afiqJ,Corporate,gpacke23@addthis.com,132-789-5782
11260,Berenike,Kampe,Yuw9uh0PdAW,Consumer,nsollas24@redcross.org,562-200-7663
11275,Beth,Fritzler,14OMcm0KVRI,Corporate,ncutten25@netvibes.com,658-550-3287
11290,Beth,Paige,4KitDU2,Consumer,nmundell26@mtv.com,829-387-4120
11305,Beth,Thompson,j0J4BNU0UKVN,Home Office,dbrunsden27@princeton.edu,874-357-8767
11320,Bill,Donatelli,SxPn4Gs,Consumer,dduffell28@purevolume.com,142-749-8532
11335,Bill,Eplett,ayXzwokJ,Home Office,rbracci29@dell.com,704-430-0372
11350,Bill,Overfelt,zlg1NngRyR,Corporate,mriccardo2a@unesco.org,449-516-0932
11365,Bill,Shonely,KFE9tfTvlk,Corporate,kpoxson2b@unblog.fr,181-423-8959
11380,Bill,Stewart,QMzYsuFjBnh,Corporate,tsilverman2c@aboutads.info,797-571-7117
11395,Bill,Tyler,VXPBDb,Corporate,ybohling2d@storify.com,117-628-0193
11410,Bobby,Elias,1FaCx5ZYFn,Consumer,dshay2e@csmonitor.com,582-470-8655
11425,Bobby,Odegard,iBRhFCR,Consumer,creyner2f@java.com,594-974-5366
11440,Bobby,Trafton,xmKvdpLEh1,Consumer,hcoffin2g@squidoo.com,365-448-7438
11455,Brad,Eason,2hPNlU,Home Office,nbehning2h@tumblr.com,323-359-3007
11470,Brad,Norvell,Ac9Pwfl9M8Cg,Corporate,cwalbrook2i@gmpg.org,540-970-1858
11485,Brad,Thomas,mApCFSf0O,Home Office,osprankling2j@drupal.org,258-739-8290
11500,Bradley,Drucker,QpF1R8y,Consumer,lhess2k@ameblo.jp,222-669-6773
11515,Bradley,Nguyen,jOccGri,Consumer,lschonfelder2l@amazonaws.com,962-850-7825
11530,Bradley,Talbott,D0jjuf5,Home Office,nmountain2m@toplist.cz,524-320-9072
11545,Brenda,Bowman,XfuKcnb,Corporate,tredmire2n@merriam-webster.com,478-122-8803
11575,Brendan,Murry,1bFOJ2Jx7Fv,Corporate,jberardt2o@sakura.ne.jp,231-834-4788
11590,Brendan,Sweed,69Zu9mf,Corporate,tbaike2p@multiply.com,132-471-0529
11605,Brian,Dahlen,BLFCdSS1QipG,Consumer,lsimioli2q@mtv.com,209-768-0463
11620,Brian,DeCherney,hcbP1Amd,Consumer,mmager2r@merriam-webster.com,741-194-1990
11635,Brian,Derr,7Zi6k3kF,Consumer,perett2s@gravatar.com,694-270-1060
11650,Brian,Moss,AIEyJJx9TP,Corporate,nmottinelli2t@fotki.com,630-583-0444
11665,Brian,Stugart,NycfKhxHTN,Consumer,ddenyagin2u@alibaba.com,654-307-1038
11680,Brian,Thompson,9x1HuGuzqp,Consumer,blayne2v@vk.com,969-343-0411
11695,Brooke,Gillingham,xLb75Sj,Corporate,bnaseby2w@elegantthemes.com,260-780-4490
11710,Brosina,Hoffman,w9JOKj3I,Consumer,bglanville2x@sakura.ne.jp,102-407-4240
11725,Bruce,Degenhardt,inkoEJI0Ivpv,Consumer,gaudibert2y@google.it,638-452-6433
11740,Bruce,Geld,8iHtrV,Consumer,dwillimont2z@globo.com,412-846-7922
11755,Bruce,Stewart,QMcSlRcz,Consumer,mappleby30@storify.com,386-712-5204
11770,Bryan,Davis,OdOfZQ,Consumer,tpenhale31@narod.ru,921-928-9910
11785,Bryan,Mills,dRW7cBpdPRv,Consumer,mwoodsford32@guardian.co.uk,548-810-3770
11800,Bryan,Spruell,kTbxHT,Home Office,ebendelow33@huffingtonpost.com,367-878-6759
11815,Candace,McMahon,6gFP3B1SgZ6g,Corporate,cblindmann34@comcast.net,793-398-6430
11845,Cari,Sayre,RBtIRpsn,Corporate,rwardel35@discovery.com,373-169-0315
11860,Cari,Schnelling,siZZ8ZF6rOK,Consumer,hdow36@state.gov,450-228-9725
11890,Carl,Ludwig,a3wAhk4VAD4,Consumer,dqualtrough37@purevolume.com,790-409-4208
11905,Carl,Weiss,tlp7UIG6x1OD,Home Office,bspatoni38@ebay.co.uk,736-156-6594
11920,Carlos,Daly,fE7L6sRCGM,Consumer,eprestidge39@51.la,423-375-9092
11935,Carlos,Meador,pSTfbmr6qab,Consumer,caulds3a@e-recht24.de,900-496-7154
11950,Carlos,Soltero,8zKxRSEH0Yhi,Consumer,wsussans3b@paypal.com,917-603-9185
11965,Carol,Adams,uCSTYjivScJ,Corporate,lbiggar3c@purevolume.com,334-554-0074
11980,Carol,Darley,j1BHan9Ot,Consumer,nreddecliffe3d@apple.com,890-211-5398
11995,Carol,Triggs,B404s1,Consumer,cizzatt3e@ask.com,703-427-2117
12010,Caroline,Jumper,pnLdYKG,Consumer,cfelstead3f@plala.or.jp,586-122-6148
12025,Cassandra,Brandow,wxYzPBFg,Consumer,uvolet3g@usgs.gov,235-732-5340
12040,Catherine,Glotzbach,ToTRDWlZ,Home Office,gburstow3h@imgur.com,924-693-0576
12055,Cathy,Armstrong,M8jLHLdyn,Home Office,mgingles3i@godaddy.com,410-749-6381
12070,Cathy,Hwang,PmhpFR2,Home Office,jretallick3j@ameblo.jp,373-129-8845
12085,Cathy,Prescott,pXgGMiM8ktI9,Corporate,kbrickell3k@abc.net.au,691-585-4651
12100,Chad,Cunningham,zbEWgK7t,Home Office,jsummersby3l@surveymonkey.com,186-997-8207
12115,Chad,McGuire,BJd0fUq,Consumer,churle3m@yahoo.com,125-699-3475
12130,Chad,Sievert,lDntqA9,Consumer,tviscovi3n@va.gov,443-653-5865
12145,Charles,Crestani,8CQcFaUL8Ha,Consumer,kgallegos3o@columbia.edu,351-333-9271
12160,Charles,McCrossin,qmzXccOgJxka,Consumer,cbangiard3p@sakura.ne.jp,662-182-1206
12190,Charlotte,Melton,oS3ONAc0H,Consumer,kdemer3q@japanpost.jp,117-920-6687
12205,Chloris,Kastensmidt,6hZqYGmeNf8c,Consumer,fricciardo3r@shinystat.com,927-938-5470
12220,Chris,Cortes,JbQj861rb,Consumer,klightman3s@uiuc.edu,534-380-7593
12235,Chris,McAfee,noyIcw8Sj,Consumer,cdjurdjevic3t@eepurl.com,989-159-0990
12250,Chris,Selesnick,1sY4tkoF35,Corporate,clearned3u@usatoday.com,121-876-6420
12265,Christina,Anderson,fRpiD9fy,Consumer,carnaudon3v@prnewswire.com,734-593-3481
12280,Christina,DeMoss,MDAHMtsnz,Consumer,apoel3w@geocities.com,522-867-5078
12295,Christina,VanderZanden,yzmuNa,Consumer,jjansen3x@booking.com,675-829-6984
12310,Christine,Abelman,DBpffd,Corporate,bgoulthorp3y@barnesandnoble.com,909-843-4625
12325,Christine,Kargatis,YMOLEkeb,Home Office,gfanti3z@privacy.gov.au,203-147-7145
12340,Christine,Phan,0wTRp3X9,Corporate,tgowdie40@over-blog.com,452-649-4814
12355,Christine,Sundaresam,Lh1uoTvbq,Consumer,adunford41@kickstarter.com,874-196-4846
12370,Christopher,Conant,0pJMndNBnnaA,Consumer,scosty42@disqus.com,533-933-4759
12385,Christopher,Martinez,WE7Zpt4,Consumer,ewimmers43@51.la,347-806-2683
12400,Christopher,Schild,lAsjaRfF7sfs,Home Office,gjentgens44@printfriendly.com,365-147-7674
12415,Christy,Brittain,6Wze3tjf,Consumer,yprydie45@linkedin.com,542-200-4582
12430,Chuck,Clark,XvnUwBR,Home Office,anoulton46@nps.gov,409-839-3131
12445,Chuck,Magee,3PwjdqX7q,Consumer,dholliar47@php.net,804-268-2404
12460,Chuck,Sachs,eZRe6pBgoUY5,Consumer,pskeete48@tamu.edu,803-317-7061
12475,Cindy,Chapman,gOlQ1AZ,Consumer,bfeatherby49@pinterest.com,987-438-0073
12505,Cindy,Stewart,EFpvvwX,Consumer,gmagister4a@businessweek.com,973-407-0529
12520,Claire,Gute,aWCIP8w9t,Consumer,kstopp4b@google.com,543-292-7685
12535,Claudia,Bergmann,LsiUDP2b4c,Corporate,agrady4c@ihg.com,245-481-4651
12550,Clay,Cheatham,rCYjsbk,Consumer,agoodacre4d@histats.com,304-235-9113
12565,Clay,Ludtke,83wrfZzx0n,Consumer,jtratton4e@tinypic.com,571-187-2098
12580,Clay,Rozendal,xQJkAFR6aun,Home Office,dmirfin4f@g.co,119-343-8217
12595,Clytie,Kelty,gflnwEuYVmaT,Consumer,dtricker4g@diigo.com,662-104-6419
12610,Corey,Catlett,uroe38VYJ9z,Corporate,driquet4h@boston.com,423-622-9827
12625,Corey,Roper,hZm4bKeliNC,Home Office,lmacmakin4i@naver.com,290-201-3268
12640,Corey-Lock,,Z4tsb36ydgS4,Consumer,akoppelmann4j@nytimes.com,177-391-0013
12655,Corinna,Mitchell,JkEfpoQ,Home Office,cgenese4k@sfgate.com,800-205-0612
12670,Craig,Carreira,h6HD4quKvi,Consumer,xroelvink4l@harvard.edu,914-616-8580
12685,Craig,Carroll,sr4Xw4,Consumer,aladell4m@ft.com,446-169-3342
12700,Craig,Leslie,4RqdQ3HWiWWI,Home Office,jpasek4n@oaic.gov.au,384-980-7973
12730,Craig,Reiter,m4zal0U3VW,Consumer,wmecozzi4o@apple.com,473-802-1696
12745,Craig,Yedwab,APtZko,Corporate,asweeny4p@weather.com,631-346-1033
12760,Cyma,Kinney,wLFi4Q1,Corporate,rstandbrooke4q@pinterest.com,797-804-8234
12775,Cynthia,Arntzen,0T2mAfRUkDmo,Consumer,ylaite4r@cbc.ca,670-407-8013
12790,Cynthia,Delaney,K0LtfMikrD4,Home Office,dlumsden4s@elegantthemes.com,888-560-6781
12805,Cynthia,Voltz,OI40856Ye,Corporate,tschimaschke4t@networksolutions.com,455-719-3109
12835,Damala,Kotsonis,eZyMFzsMHM,Corporate,clythgoe4u@canalblog.com,417-228-4550
12850,Dan,Campbell,25lmVblO6zi,Consumer,rwithers4v@newyorker.com,822-413-7006
12865,Dan,Lawera,sKvJUpC,Consumer,dmalan4w@mediafire.com,828-431-6269
12880,Dan,Reichenbach,PfH8oWnd0,Corporate,hneville4x@virginia.edu,510-797-6420
12895,Dana,Kaydos,GH6N6mtnf,Consumer,llamport4y@google.es,457-740-0091
12910,Daniel,Byrd,zwSpmE,Home Office,jtapenden4z@hao123.com,322-735-0208
12925,Daniel,Lacy,Ua2Z6BIZ,Consumer,hloudiane50@topsy.com,774-354-8166
12940,Daniel,Raglin,OBKtKYK3lT,Home Office,aomurtagh51@msn.com,980-480-1749
12955,Dario,Medina,cBD1UROgfQ,Corporate,zpetrolli52@jugem.jp,127-807-3083
12970,Darren,Budd,B8UxI5XlHJJ,Corporate,dnutbean53@mysql.com,422-454-9256
12985,Darren,Koutras,74YsuHuQuNnT,Consumer,ddebernardis54@archive.org,522-605-2347
13000,Darren,Powers,MHt9Rlp,Consumer,caickin55@squarespace.com,738-872-8597
13015,Darrin,Martin,PqwBqyi8jw,Consumer,fpoter56@nyu.edu,932-149-0351
13030,Darrin,Sayre,aeRdtymrntm3,Home Office,pkempston57@unc.edu,176-600-3139
13045,Darrin,Van Huff,hMPVNqO,Corporate,astopforth58@drupal.org,425-718-0541
13060,Dave,Brooks,it4Nog8b,Consumer,zslewcock59@dailymail.co.uk,648-314-5239
13075,Dave,Hallsten,YMt7dB7OmKg,Corporate,jbaylie5a@wp.com,938-343-8620
13090,Dave,Kipp,J8SEAQOdH,Consumer,kguilbert5b@sun.com,514-549-2519
13105,Dave,Poirier,Y4m5K3GMQvQf,Corporate,hfist5c@ca.gov,342-874-7639
13120,David,Bremer,2NrPAi,Corporate,cpitone5d@netscape.com,615-533-0201
13135,David,Flashing,arrTPcV,Consumer,fmuskett5e@cargocollective.com,935-779-5578
13150,David,Kendrick,AZM1xUSyXFQ,Corporate,maksell5f@discuz.net,231-570-7131
13165,David,Philippe,KzUH37,Consumer,whyndson5g@washington.edu,355-719-1813
13180,David,Smith,5WU6Ere,Corporate,knano5h@youku.com,218-142-5491
13195,David,Wiener,YVqlCrt1dRDZ,Corporate,mfitzer5i@wix.com,422-615-6600
13210,Dean,Braden,tY3E9QLR,Consumer,efoxon5j@bbb.org,660-217-7169
13225,Dean,Katz,fNgmHM2C,Corporate,btevelov5k@sakura.ne.jp,473-387-0817
13240,Dean,percer,deOsLgS3d,Home Office,lstanwix5l@techcrunch.com,106-212-1941
13255,Deanra,Eno,Fq1txriewfI,Home Office,gbuddell5m@pinterest.com,334-200-2155
13270,Deborah,Brumfield,cHJYgCI,Home Office,mwinterton5n@nbcnews.com,587-678-7741
13285,Debra,Catini,Z9Ip1Po7,Consumer,dbodham5o@webeden.co.uk,984-296-8516
13300,Deirdre,Greer,Az2BJrfTJzpg,Corporate,xhempshall5p@joomla.org,167-226-0263
13315,Delfina,Latchford,XDm2N9fO,Consumer,cgaunson5q@adobe.com,749-593-3306
13330,Denise,Leinenbach,9i0nqhhBfdtn,Consumer,cvalois5r@aboutads.info,447-151-5368
13345,Denise,Monton,cAYY4ElL7,Corporate,rvalois5s@mayoclinic.com,383-777-6233
13375,Dennis,Kane,nVIgsVhX9nG,Consumer,ksalmen5t@nydailynews.com,466-282-1565
13390,Dennis,Pardue,Ktigks,Home Office,dardron5u@people.com.cn,197-593-1830
13405,Denny,Blanton,B1htC9yNuo,Consumer,gmcreedy5v@meetup.com,798-813-9267
13420,Denny,Joy,qyJ25pSWX,Corporate,slidgley5w@mayoclinic.com,900-248-5634
13435,Denny,Ordway,bsDzL7ZtwpP,Consumer,rboarleyson5x@loc.gov,737-308-9641
13450,Dianna,Arnett,ZG4NxWQI,Home Office,gmottram5y@wix.com,690-686-3965
13465,Dianna,Vittorini,DmDYYs,Consumer,dguarnier5z@archive.org,732-883-7893
13480,Dianna,Wilson,Hv2lKmZ0ma1,Home Office,bsnassell60@geocities.jp,868-331-8474
13495,Dionis,Lloyd,YWPOMDHUil,Corporate,lcollopy61@artisteer.com,255-670-0858
13510,Don,Jones,TADJSKbGD,Corporate,esaiz62@opensource.org,726-698-3484
13540,Don,Weiss,8YW2JWH6JSrk,Consumer,eburnell63@e-recht24.de,476-336-6567
13555,Dorothy,Badders,ZonZK0sV,Corporate,pisgate64@alexa.com,755-570-6670
13570,Dorothy,Dickinson,ntJAAe,Consumer,ysibbe65@ebay.co.uk,807-573-4375
13585,Dorothy,Wardle,6yUrGQM,Corporate,jisley66@apple.com,724-642-8872
13600,Dorris,liebe,j1ugM5A,Corporate,gsewell67@ifeng.com,697-754-6881
13615,Doug,Bickford,a5IkhXwwRla,Consumer,mbasley68@biblegateway.com,925-957-5694
13630,Doug,Jacobs,fOeWosuzbYk,Consumer,cheadington69@merriam-webster.com,836-329-1384
13660,Duane,Benoit,SSAyILJ5,Consumer,cdenajera6a@symantec.com,795-626-2036
13675,Duane,Huffman,ITRQuY59I3K,Home Office,aquainton6b@imgur.com,230-162-6134
13690,Duane,Noonan,aKsTOUC,Consumer,svenard6c@guardian.co.uk,429-947-5845
13705,Ed,Braxton,gQ9IrA,Corporate,bwillgrass6d@newsvine.com,825-360-5479
13720,Ed,Jacobs,ONcN8hT,Consumer,eschuricht6e@amazon.co.jp,955-804-7387
13735,Ed,Ludwig,ZjHSm1tl,Home Office,kkarlsen6f@is.gd,678-550-2181
13750,Edward,Becker,pJFvijkNBZ,Corporate,lcrann6g@yahoo.com,725-686-4527
13765,Edward,Hooks,5inizazW,Corporate,rmasterton6h@marriott.com,740-509-2123
13780,Edward,Nazzal,bOhexnQpFC,Consumer,rbraddon6i@usatoday.com,229-775-7202
13795,Eileen,Kiefer,yArX5M0vSp,Home Office,crennock6j@house.gov,208-253-0654
13810,Eleni,McCrary,7Js6NVhNQd,Corporate,rring6k@mapy.cz,765-192-1877
13825,Elizabeth,Moffitt,vKnTNmK1,Corporate,kmatczak6l@storify.com,514-566-2410
13840,Ellis,Ballard,MOZEsyzfr2lQ,Corporate,rdingley6m@google.es,402-360-3701
13855,Elpida,Rittenbach,bzx8Gk3G,Corporate,mjury6n@deviantart.com,599-149-5617
13870,Emily,Burns,clha59ecD4,Consumer,hjunes6o@mail.ru,551-872-5834
13885,Emily,Ducich,SxaeElKhetbM,Home Office,jborrett6p@linkedin.com,943-565-4145
13900,Emily,Grady,A7km5BzJ,Consumer,ksetchfield6q@slashdot.org,432-415-3547
13915,Emily,Phan,FjHlLP29xx,Consumer,rdytham6r@usgs.gov,930-488-5823
13930,Eric,Barreto,Y9lN8LkLcMo,Consumer,nunion6s@wunderground.com,849-942-3734
13945,Eric,Hoffmann,bcv1PXS0MSSk,Consumer,dcarleman6t@harvard.edu,721-271-6352
13960,Eric,Murdock,ljWTt2PA,Consumer,cjakaway6u@symantec.com,763-553-4216
13975,Erica,Bern,3bxMaY06y,Corporate,eshord6v@unicef.org,103-531-4192
13990,Erica,Hackney,ZqJTfJ,Consumer,tkitchingham6w@plala.or.jp,821-654-9233
14005,Erica,Hernandez,qHEZM5h8C,Home Office,csalatino6x@kickstarter.com,933-162-1669
14020,Erica,Smith,GMVUxO70ath,Consumer,ebever6y@vimeo.com,696-965-0713
14035,Erin,Ashbrook,0mNIGPw,Corporate,kchazerand6z@omniture.com,705-698-2693
14050,Erin,Creighton,jfvtN3vnCAZ,Consumer,ckinkead70@flavors.me,876-549-4166
14065,Erin,Mull,d5fWipPBKj,Consumer,alehrahan71@drupal.org,939-386-7498
14080,Erin,Smith,VlMS14,Corporate,gschoales72@liveinternet.ru,195-873-9570
14095,Eudokia,Martin,0ZMYJlD,Corporate,prieger73@google.com.br,328-103-0390
14110,Eugene,Barchas,ncWlI8X62pCB,Consumer,ajosefsen74@netvibes.com,389-160-0423
14125,Eugene,Hildebrand,r2UUrcXK,Home Office,bbakesef75@etsy.com,570-764-5910
14140,Eugene,Moren,B1SM5DU,Home Office,abrookbank76@ted.com,417-585-2049
14155,Eva,Jacobs,JSRiez0d,Consumer,sgosby77@oracle.com,621-297-5997
14170,Evan,Bailliet,pD7plHod,Consumer,gcoldwell78@github.com,151-442-4930
14185,Evan,Henry,yHfu0Xx7D,Consumer,vmellmoth79@utexas.edu,802-464-4163
14215,Filia,McAdams,P7A0oCOup,Corporate,mgaythwaite7a@biglobe.ne.jp,125-410-4250
14230,Frank,Atkinson,hXiuersb,Corporate,tmccue7b@mysql.com,488-562-6762
14260,Frank,Gastineau,Az4jts,Home Office,jgass7c@hostgator.com,935-767-6995
14275,Frank,Hawley,Qh4W8ks,Corporate,lparres7d@businessinsider.com,179-683-9052
14290,Frank,Merwin,0uCgCACVFyf,Home Office,gbuffin7e@1688.com,412-727-2532
14305,Frank,Olsen,Cwj2ZLdzeg,Consumer,ggilbee7f@usda.gov,603-360-1975
14320,Frank,Preis,s4hP5AZF1,Consumer,hpotkin7g@altervista.org,366-978-2438
14350,Fred,Harton,oamZky,Consumer,wmiddis7h@cam.ac.uk,491-106-0745
14365,Fred,Hopkins,q5j4VyHrFE,Corporate,dgery7i@wp.com,766-879-2097
14380,Fred,McMath,FHp4uFfr,Consumer,mpettegre7j@ted.com,588-376-9295
14410,Gary,Hansen,Z7MOyG3Wfmw,Home Office,mmoult7k@jigsy.com,220-805-9422
14425,Gary,Hwang,lp5mDWhFGat,Consumer,bolivella7l@nydailynews.com,854-779-9732
14440,Gary,McGarr,Y6q3laNw,Consumer,madamovitz7m@free.fr,703-276-3087
14455,Gary,Mitchum,m9fEdoR,Home Office,gzmitrichenko7n@fastcompany.com,714-318-6574
14470,Gary,Zandusky,Oz1YuQ48PPzr,Consumer,bwormstone7o@w3.org,427-667-4921
14485,Gene,Hale,saI2dIV8Ap,Corporate,mdulieu7p@networkadvertising.org,245-273-6891
14515,George,Ashbrook,sRauntGr5ab,Consumer,abrasener7q@admin.ch,305-567-9763
14530,George,Bell,HJa7Bu,Corporate,tlitherborough7r@opensource.org,852-618-3299
14545,George,Zrebassa,HinOreJ,Corporate,vzannotti7s@amazon.de,549-367-2682
14560,Georgia,Rosenberg,KtNZP94p3mj,Corporate,rmainstone7t@examiner.com,957-157-1104
14575,Giulietta,Baptist,z3pVrFn5,Consumer,tprazer7u@cdbaby.com,119-256-1244
14590,Giulietta,Dortch,l0QKQeGIn,Corporate,cdrew7v@usda.gov,988-216-4114
14605,Giulietta,Weimer,67c5Ne,Consumer,tkippax7w@washingtonpost.com,508-382-1821
14620,Grace,Kelly,UATCrE,Corporate,ogabbett7x@who.int,465-139-2697
14635,Grant,Thornton,z5kz30,Corporate,caasaf7y@independent.co.uk,903-623-6797
14650,Greg,Guthrie,YZYOiO,Corporate,msherwin7z@omniture.com,578-959-6204
14665,Greg,Hansen,ccBUJcQlvn,Consumer,fsivyour80@4shared.com,245-291-9642
14680,Greg,Matthias,KANAP1lC,Consumer,lbolger81@linkedin.com,996-942-5844
14695,Greg,Maxwell,HOU8763K4,Corporate,efills82@paginegialle.it,870-902-0079
14710,Greg,Tran,mvQoze3j,Consumer,mspark83@tamu.edu,968-143-8190
14725,Guy,Armstrong,y3mEcWo8iLu,Consumer,kkeat84@etsy.com,726-643-5632
14740,Guy,Phonely,SgnDhwawYK,Corporate,ahussey85@sciencedirect.com,972-533-8182
14755,Guy,Thornton,nMF8R9Rmso1,Consumer,hgoff86@soup.io,519-988-2475
14770,Hallie,Redmond,8GOLcOaSFIO,Home Office,ppeyro87@jigsy.com,391-367-4640
14815,Harold,Pawlan,UPh5yfQKdXUP,Home Office,neaston88@pbs.org,161-756-4061
14830,Harold,Ryan,bpOI2Q,Corporate,bweafer89@lycos.com,288-917-4391
14845,Harry,Greene,1sh8Qw4q,Consumer,cbellwood8a@1688.com,702-735-4973
14860,Harry,Marie,lNmYpYP,Corporate,icorless8b@google.com,824-852-3632
14875,Heather,Jas,7IvzNSw,Home Office,gflaverty8c@earthlink.net,973-823-6572
14890,Heather,Kirkland,DRuWVixsW9,Corporate,szohrer8d@usatoday.com,218-321-1641
14905,Helen,Abelman,KvPPDVpHG,Consumer,tvenn8e@is.gd,164-359-7194
14920,Helen,Andreada,zzfe4IHLNAi,Consumer,scarnegy8f@cnbc.com,649-770-4883
14935,Helen,Wasserman,vblp44,Corporate,mforbear8g@ustream.tv,747-213-2130
14950,Henia,Zydlo,jQXVhpQhkpL,Consumer,wdumini8h@twitter.com,220-893-5125
14965,Henry,Goldwyn,YcdQJX,Corporate,cbernocchi8i@springer.com,337-529-6798
14995,Herbert,Flentye,d4Ud57zWG,Consumer,apelcheur8j@shareasale.com,426-516-2290
15010,Hilary,Holden,bp4JDUeWjA,Corporate,amatula8k@tuttocitta.it,549-330-9469
15025,Hunter,Glantz,7kEaAHUi,Consumer,randreoletti8l@cornell.edu,507-281-0975
15040,Hunter,Lopez,p871RWY4wQu,Consumer,dgolsworthy8m@phpbb.com,432-905-3912
15070,Irene,Maddox,aHRapcEg1,Consumer,cscardefield8n@cnbc.com,494-830-2846
15085,Ivan,Gibson,83OtZCIbLG,Consumer,ntibald8o@ucoz.com,971-174-1266
15100,Ivan,Liston,Ny2fzEC,Consumer,cstathers8p@nytimes.com,273-316-6584
15115,Jack,Garza,hSGVH7Q8O,Consumer,tloomis8q@samsung.com,971-986-1345
15130,Jack,Lebron,tzT0LQ,Consumer,gglasby8r@vk.com,346-502-2623
15145,Jack,O'Briant,2uXSskTJ,Corporate,lswanton8s@stanford.edu,197-224-1567
15160,James,Galang,GYlbeikFQU,Consumer,wlongthorne8t@bbc.co.uk,605-726-5655
15175,James,Lanier,JGId7H,Home Office,wwapple8u@over-blog.com,484-540-5500
15190,Jamie,Frazer,I0CRT3syV,Consumer,istamper8v@wunderground.com,169-448-2264
15205,Jamie,Kunitz,K7NPmZ4WJP,Consumer,jcathrae8w@oracle.com,809-342-4256
15220,Jane,Waco,vtNwYSqG,Corporate,ggoldsbury8x@goo.ne.jp,484-587-2577
15235,Janet,Lee,RAWdJxjPR,Consumer,sholah8y@mayoclinic.com,741-686-2157
15250,Janet,Martin,fsD7c1J,Consumer,njenno8z@usa.gov,942-633-3162
15265,Janet,Molinari,WGzzJm9FuZh,Corporate,arickis90@linkedin.com,503-752-6582
15280,Jas,O'Carroll,FKEGEItKRfi,Consumer,hsivills91@wikipedia.org,615-628-4105
15295,Jason,Fortune-,QpNahQEBq,Consumer,hgarton92@google.com.au,484-685-2265
15310,Jason,Gross,ovWRTFud4,Corporate,jekkel93@nasa.gov,727-548-5439
15340,Jasper,Cacioppo,2zNkyU2GY,Consumer,enemchinov94@arizona.edu,959-351-2082
15355,Jay,Fein,JeHtZiyUn,Consumer,kreame95@dyndns.org,593-592-3103
15370,Jay,Kimmel,T1pHcqvd6DEo,Consumer,rlyard96@privacy.gov.au,374-247-3449
15385,Jenna,Caffey,2qic2yPE,Consumer,brichie97@homestead.com,577-638-5527
15400,Jennifer,Braxton,me4sUoF148lP,Corporate,ssmales98@google.co.uk,165-659-6901
15415,Jennifer,Ferguson,14tXeZg4,Consumer,hiwaszkiewicz99@bluehost.com,233-341-4945
15430,Jennifer,Halladay,iDNJlZcgzL,Consumer,bbarbary9a@lycos.com,703-362-2562
15445,Jennifer,Jackson,nZisqxkIVCq,Consumer,lderuel9b@t-online.de,405-441-8939
15460,Jennifer,Patt,QBT4PmsBb1i,Corporate,pmaccafferky9c@zdnet.com,690-292-8186
15475,Jeremy,Ellison,HPITkdDENn6c,Consumer,gswaby9d@cdbaby.com,439-893-9455
15490,Jeremy,Farry,JG5RQQ32,Consumer,kvideneev9e@biglobe.ne.jp,251-473-8145
15505,Jeremy,Lonsdale,luBZ1U58,Consumer,amalbon9f@dailymail.co.uk,908-626-4238
15520,Jeremy,Pistek,2f8aEjOihhm,Consumer,vcamble9g@bravesites.com,779-905-5693
15535,Jessica,Myrick,IEVyPt3Tg,Consumer,sbree9h@elegantthemes.com,232-755-9274
15550,Jesus,Ocampo,uBcOHgN,Home Office,dalfonsetto9i@amazon.de,842-326-3032
15565,Jill,Fjeld,vEe04VY,Consumer,acansdill9j@bbc.co.uk,905-542-4713
15595,Jill,Stevenson,f5DD0VguAZ,Corporate,mgilloran9k@amazon.co.jp,652-907-7156
15610,Jim,Epp,3cHPMrH9EmZx,Corporate,wdomenc9l@comcast.net,368-421-6874
15625,Jim,Karlsson,df3itb,Consumer,mlowndes9m@nih.gov,294-124-9243
15640,Jim,Kriz,fftSJwPETEp,Home Office,mriddiford9n@oaic.gov.au,413-439-4479
15655,Jim,Mitchum,FCfQZL4088,Corporate,cmorena9o@miibeian.gov.cn,860-951-5859
15670,Jim,Radford,wKjXhaUev3a,Consumer,epalphreyman9p@go.com,174-504-5364
15685,Jim,Sink,UjTfdTEof,Corporate,meyes9q@foxnews.com,980-615-3517
15715,Joe,Elijah,jgjSVb,Consumer,rchurchard9r@example.com,190-334-5569
15730,Joe,Kamberova,AdunpWvWnT,Consumer,mskoughman9s@weather.com,363-628-2315
15745,Joel,Eaton,KTINIxai,Consumer,mdipietro9t@moonfruit.com,625-933-7017
15760,Joel,Jenkins,7sWteXO,Home Office,jcornely9u@guardian.co.uk,815-483-8843
15775,John,Castell,IfCb9w,Consumer,hmartinson9v@ow.ly,925-711-5774
15790,John,Dryer,laWgxMD5pm,Consumer,lbassam9w@t-online.de,855-954-5375
15805,John,Grady,DRObSAhuWo,Corporate,tcockshut9x@vinaora.com,349-939-0531
15820,John,Huston,78dUXfSLB6W,Consumer,lferre9y@ed.gov,764-600-5934
15835,John,Lee,ZDugre7rjr,Consumer,pcoultish9z@weibo.com,737-184-8348
15850,John,Lucas,2SdCqpYIcxt4,Consumer,aespineta0@example.com,712-391-7645
15865,John,Murray,4AQjxy5q,Consumer,areysona1@chicagotribune.com,420-643-2737
15880,John,Stevenson,ysaUpthnEa2,Consumer,sleadesa2@google.ca,746-474-7749
15895,Jonathan,Doherty,El6fl3uTvnF,Corporate,jleaa3@noaa.gov,754-475-2357
15910,Jonathan,Howell,7vvgKmO3,Consumer,wclampa4@alibaba.com,774-449-3274
15925,Joni,Blumstein,k7zzmpTKKBH,Consumer,hralpha5@godaddy.com,335-540-6334
15940,Joni,Sundaresam,MaXBUwYaeI,Home Office,kbamburya6@feedburner.com,568-470-8642
15955,Joni,Wasserman,ak9BpS,Consumer,rdanhera7@nytimes.com,486-865-9818
15970,Joseph,Airdo,vwM8c8R,Consumer,fdarvillea8@slate.com,242-802-5129
15985,Joseph,Holt,jReZvDxT,Consumer,wblesdilla9@accuweather.com,911-602-3948
16000,Joy,Bell-,Z11FHGZZ,Consumer,sposnetteaa@yellowbook.com,352-250-8890
16015,Joy,Daniels,3SMZkT9lP,Consumer,lcamockab@usgs.gov,102-350-7986
16030,Joy,Smith,u4HeHLAa2HB,Consumer,tmcgillivrieac@eventbrite.com,207-503-6131
16045,Julia,Barnett,WZub0KqX95Jq,Home Office,cmoulinad@rediff.com,450-727-0435
16060,Julia,Dunbar,lncqEMNpQUu,Consumer,mquigleyae@cbslocal.com,318-349-0033
16075,Julia,West,L1Z0H9,Consumer,dgreenwayaf@photobucket.com,296-852-2105
16105,Julie,Creighton,v4guVZ,Corporate,adennettag@japanpost.jp,185-898-6388
16120,Julie,Kriz,htapI3h,Home Office,pmilnerah@sourceforge.net,484-848-2054
16135,Julie,Prescott,RfrLET3zJHd,Home Office,afrayai@slashdot.org,838-443-8637
16150,Justin,Deggeller,NBsYxZf,Corporate,nchessunaj@bloglines.com,901-865-9166
16165,Justin,Ellison,7DAH7CqR9If,Corporate,hpougherak@mozilla.org,403-451-6041
16180,Justin,Hirsh,0YrviTND5Oe,Consumer,mashwoodal@cdbaby.com,429-814-1025
16195,Justin,MacKendrick,JWqCd5,Consumer,aheadfordam@blinklist.com,111-295-2744
16210,Justin,Ritter,5UUfTK0wDDE,Corporate,cosheildsan@independent.co.uk,559-718-6023
16225,Kalyca,Meade,lea61LMUc,Corporate,lcourtoisao@netscape.com,326-266-4703
16240,Karen,Bern,eWWWk3zkD,Corporate,colverap@hud.gov,432-764-6614
16255,Karen,Carlisle,fwbKIZHE,Corporate,atuneaq@bloomberg.com,351-131-8216
16270,Karen,Daniels,jJDTK9Loze,Consumer,ccasadoar@scientificamerican.com,553-325-8121
16285,Karen,Ferguson,ehsxdvd7Rf,Home Office,kbittanyas@bandcamp.com,218-512-6807
16300,Karen,Seio,fevHM72PQ,Corporate,cgeorghiouat@spotify.com,750-971-2500
16315,Karl,Braun,YHVtjYVF2,Consumer,ageistbeckau@slideshare.net,998-135-4192
16330,Katharine,Harms,zrNhZoI,Corporate,khendrikseav@auda.org.au,910-700-0729
16345,Katherine,Ducich,fzae8Lad,Consumer,tentresaw@miibeian.gov.cn,889-426-7976
16375,Katherine,Murray,a14bgMUkT5l,Home Office,ohaslegraveax@live.com,854-885-2351
16405,Katrina,Bavinger,5qj3Smd8,Home Office,hfyldesay@sourceforge.net,393-315-2822
16420,Katrina,Edelman,irhKNcJP,Corporate,jbabbidgeaz@harvard.edu,890-823-9046
16435,Katrina,Willman,QhbaWm0A,Consumer,rdrewetb0@wufoo.com,816-128-4069
16450,Kean,Nguyen,SVlOvYDlbOf2,Corporate,madanezb1@npr.org,202-837-0156
16465,Kean,Takahito,XDh0FPOoLGoO,Consumer,lregitzb2@livejournal.com,679-226-0808
16480,Kean,Thornton,y4yobHc,Consumer,mburdikinb3@abc.net.au,826-143-4854
16495,Keith,Dawkins,IWTlL6kK,Corporate,szoellnerb4@php.net,859-270-3657
16510,Keith,Herrera,xtUT9Ycjik,Consumer,pcamamillb5@imdb.com,540-424-9555
16525,Kelly,Andreada,OWBrePwOWvk,Consumer,slogueb6@canalblog.com,954-612-4384
16540,Kelly,Collister,ZMjWolGOo,Consumer,vbrockieb7@homestead.com,475-180-2470
16555,Kelly,Lampkin,74mVCNTu,Corporate,ngadmanb8@t-online.de,513-612-6888
16570,Kelly,Williams,rZa11caTVV7,Consumer,ahandslipb9@usnews.com,688-432-2000
16585,Ken,Black,O0Vml0XZzs5E,Corporate,sragbournba@zimbio.com,159-457-9943
16600,Ken,Brennan,6Rm8P6IRRC2,Corporate,nbonnickbb@webmd.com,135-752-0548
16615,Ken,Dana,3fsPRoAw,Corporate,ithorogoodbc@bbc.co.uk,987-712-1329
16630,Ken,Heidel,B23TzwvxAUmE,Corporate,danderschbd@histats.com,265-760-1744
16645,Ken,Lonsdale,O9GSkfAf,Consumer,jfitzjohnbe@vinaora.com,628-109-4123
16660,Khloe,Miller,uh919o3Oesz,Consumer,wkleinbaumbf@jugem.jp,631-607-2142
16675,Kimberly,Carter,z5ZfaAx,Corporate,plavignebg@sina.com.cn,136-182-1102
16690,Kristen,Hastings,6Mt73NK6ik,Corporate,cbrafieldbh@slideshare.net,277-439-5867
16705,Kristina,Nunn,WjieHS4V4Sr,Home Office,pbartoszewiczbi@barnesandnoble.com,933-177-6274
16720,Kunst,Miller,jR4b94r7tc,Consumer,qmiebesbj@yolasite.com,950-330-1188
16735,Larry,Blacks,wOAsapjDTK3T,Consumer,langrovebk@gnu.org,604-665-3592
16750,Larry,Hughes,suWahYil,Consumer,asuettbl@imdb.com,846-639-6383
16765,Larry,Tron,0mmtIsW7O5,Consumer,vgeavesbm@google.com.hk,845-131-1259
16780,Laura,Armstrong,4HUyQSZw,Corporate,nloheringbn@nbcnews.com,191-766-7283
16795,Laurel,Beltran,kqSPq7vxNFDC,Home Office,bpleveybo@google.co.jp,925-913-3677
16810,Laurel,Elliston,PJdSbMjz,Consumer,rmellanbybp@quantcast.com,681-639-3513
16825,Laurel,Workman,4nLuPc,Corporate,pcosleybq@cornell.edu,605-561-5779
16840,Lauren,Leatherbury,ZvRAIkeCzw,Consumer,rsunderlandbr@t.co,424-953-5602
16870,Lena,Cacioppo,5ToXSizzOq,Consumer,jraddishbs@usnews.com,506-200-7267
16885,Lena,Creighton,e4cbRfU3OEn,Consumer,jlittellbt@opensource.org,171-276-2848
16900,Lena,Hernandez,3m52NhRAMTf2,Consumer,mleathesbu@sphinn.com,597-462-7833
16915,Lena,Radford,JYJUIJ8Va,Consumer,mdibartolommeobv@go.com,269-978-6075
16930,Linda,Cazamias,7XMLJohhcXhP,Corporate,cwallesbw@desdev.cn,763-941-7029
16945,Linda,Southworth,1YZxhk2cB9,Corporate,nmussillibx@biglobe.ne.jp,780-401-8796
16975,Lindsay,Shagiari,lzeCg68BE,Home Office,tgantzerby@miitbeian.gov.cn,451-488-7386
16990,Lindsay,Williams,1l6T0dwKVfoI,Corporate,tloeberbz@pcworld.com,772-356-8042
17005,Lisa,DeCherney,L8LUnBJug1T1,Consumer,fsnelgarc0@thetimes.co.uk,399-759-5905
17020,Lisa,Hazard,KvgSZ6KhYwB,Consumer,csheedc1@behance.net,143-876-0050
17050,Liz,Carlisle,s1iCQaUqntW8,Consumer,eroycroftc2@reference.com,612-342-0756
17065,Liz,MacKendrick,GKBwFCCeTB,Consumer,bjerromec3@blogs.com,962-415-0149
17080,Liz,Pelletier,M6xv3mYfEznQ,Consumer,fgrayleyc4@businesswire.com,186-814-5133
17095,Liz,Preis,3uhble8tep,Consumer,bbissc5@nbcnews.com,661-780-7882
17110,Liz,Thompson,2w9A0ZsrC,Consumer,lrupprechtc6@china.com.cn,797-598-6146
17140,Logan,Currie,VQzWu69vi,Consumer,pgrandhamc7@livejournal.com,296-198-6767
17155,Logan,Haushalter,CKqfKly,Consumer,kalesic8@constantcontact.com,597-715-1923
17170,Lori,Olson,zpENMiJrte,Corporate,iwittyc9@utexas.edu,554-664-2123
17185,Luke,Foster,6O0UXr8VZ,Consumer,evallowca@narod.ru,382-263-2793
17200,Luke,Schmidt,YLohjAQLgyc,Corporate,pkerswellcb@xing.com,384-484-3808
17215,Luke,Weiss,IIfREW3M,Consumer,egwillyamcc@fotki.com,363-924-8314
17230,Lycoris,Saunders,Td8E32P,Consumer,hgallghercd@spotify.com,952-213-9323
17245,Lynn,Smith,B6NC4iRA,Consumer,glorensce@dell.com,221-849-7529
17260,Magdelene,Morse,nT0IufKFCfrj,Consumer,emcnesscf@ebay.co.uk,479-431-3133
17275,Marc,Crier,KZui7PlWX,Consumer,msimononskycg@fda.gov,522-155-1094
17305,Maria,Bertelson,GxCHfz,Consumer,cbidmeadch@constantcontact.com,681-964-1711
17320,Maria,Etezadi,fxnH3zhRqYTU,Home Office,bframeci@bbb.org,198-853-2844
17350,Maribeth,Dona,KmKyhA,Consumer,jfattorinicj@japanpost.jp,906-650-8526
17365,Maribeth,Schnelling,U4vG1jijw3Z6,Consumer,btoughck@mapy.cz,820-481-1072
17380,Maribeth,Yedwab,Y3iApn,Corporate,nedmeadscl@networkadvertising.org,612-399-7518
17395,Marina,Lichtenstein,7f3j6g,Corporate,ebrydellcm@whitehouse.gov,817-806-1116
17410,Maris,LaWare,rjjYW1,Consumer,cmathonnetcn@com.com,961-597-0391
17425,Mark,Cousins,POCWJk3YtMN,Corporate,cstrankco@bing.com,892-771-0168
17455,Mark,Hamilton,HktZ6D6skxVh,Consumer,mcharriercp@github.com,508-555-5867
17470,Mark,Packer,Y9GD5oEvCf,Home Office,wlutmancq@istockphoto.com,561-698-2106
17485,Mark,Van Huff,Ok135GPFO,Consumer,tdraycr@europa.eu,554-920-4833
17500,Mary,O'Rourke,w20zDifX,Consumer,bsnapcs@oaic.gov.au,558-822-5165
17515,Mary,Zewe,cfscPl0DdM,Corporate,dsisslandct@twitter.com,239-755-1521
17530,MaryBeth,Skach,VdafMem4,Consumer,ebossomcu@weather.com,673-643-7009
17545,Mathew,Reese,nRAEX2Pi9,Home Office,egodoncv@homestead.com,666-402-8699
17560,Matt,Abelman,vshQoedTv,Home Office,lparkinsoncw@alibaba.com,187-693-5137
17575,Matt,Collins,j07DwG7kxr2,Consumer,gchildecx@purevolume.com,942-952-9716
17590,Matt,Collister,VENegSMhfm9D,Corporate,bheildcy@usa.gov,752-897-7420
17605,Matt,Connell,jqrpLo0jcBh,Corporate,fshulvercz@aboutads.info,198-550-6334
17620,Matt,Hagelstein,MEkPbabSMX2,Corporate,tdellenbrokd0@reuters.com,446-905-7531
17635,Matthew,Clasen,IcOKF9i,Corporate,cswatond1@archive.org,420-826-5391
17650,Matthew,Grinstein,XdUCv0gXb5,Home Office,bhemberd2@yahoo.com,391-661-1375
17665,Maureen,Fritzler,qhyj1TZg,Corporate,cadhamsd3@buzzfeed.com,561-185-9171
17680,Maureen,Gastineau,6zOPPrMVTW,Home Office,mgarrigand4@creativecommons.org,952-748-5459
17695,Maureen,Gnade,TyhMpKu3X2Xr,Consumer,pbrimnerd5@netvibes.com,531-662-4829
17710,Maurice,Satty,drj517,Consumer,pgrinawayd6@issuu.com,517-134-6444
17725,Max,Engle,QKpcjyH,Consumer,lmacmanusd7@storify.com,928-520-7262
17740,Max,Jones,pQb8R8H,Consumer,lpleveyd8@apple.com,186-359-2462
17755,Max,Ludwig,moy2yNRtXNy,Home Office,jwhylerd9@slideshare.net,449-750-9517
17770,Maxwell,Schwartz,f7TYJXQ0ls4E,Consumer,csousterda@taobao.com,865-707-8518
17785,Maya,Herman,AsBpMHJFn06,Corporate,vpinckarddb@parallels.com,251-674-6934
17800,Meg,O'Connel,XiN9Fpi,Home Office,gsindledc@myspace.com,764-110-3358
17815,Meg,Tillman,M6QUNnbi,Consumer,dfaireydd@hibu.com,484-829-0640
17830,Melanie,Seite,IFYUVuwI,Consumer,msoreyde@washingtonpost.com,734-948-4850
17845,Michael,Chen,G1U3t7ne0340,Consumer,bmuschettedf@ask.com,698-578-3194
17860,Michael,Dominguez,zQrT8KNP4k,Corporate,chefnerdg@unesco.org,306-868-3157
17875,Michael,Grace,leaCtCF,Home Office,esedgerdh@goo.gl,151-767-2861
17890,Michael,Granlund,KBKbaw44Yha3,Home Office,aalmackdi@irs.gov,214-272-6097
17905,Michael,Kennedy,pO6LWrrMIeU6,Corporate,vmintoftdj@nba.com,343-155-4523
17920,Michael,Moore,voBhNgs,Consumer,hcloakedk@economist.com,141-572-8305
17935,Michael,Nguyen,HQ9X1NkmU,Consumer,kheersmadl@meetup.com,670-624-7590
17950,Michael,Oakman,BpA5Qv75oq1,Consumer,tspearesdm@ftc.gov,717-100-4917
17965,Michael,Paige,lhGoMS,Corporate,aporrettdn@about.me,299-256-1674
17980,Michael,Stewart,TIgebcy1,Corporate,cshererdo@omniture.com,692-640-0841
17995,Michelle,Arnett,armK30c3rJFe,Home Office,cyuryatindp@angelfire.com,428-517-5543
18010,Michelle,Ellison,DOTrerz6PR,Corporate,gpepisdq@tripod.com,796-717-2059
18025,Michelle,Huthwaite,BvIZx4pmN,Consumer,rfaivredr@typepad.com,723-480-7034
18040,Michelle,Lonsdale,rEN9OKbv,Corporate,eferneyds@usnews.com,770-573-9029
18055,Michelle,Moray,Jt4VE5BdV,Consumer,abengoecheadt@auda.org.au,153-588-9738
18070,Michelle,Tran,qXQxJPP6,Home Office,klamanbydu@blogs.com,402-580-5767
18085,Mick,Brown,OSZHxMk,Consumer,vsuggeydv@dyndns.org,518-198-5915
18100,Mick,Crebagga,gTCbBvCQT,Consumer,fcoitdw@goo.gl,572-943-5866
18115,Mick,Hernandez,jleJAx2Cj,Home Office,ghogbindx@bravesites.com,109-332-9858
18130,Mike,Caudle,eMNtXmti,Corporate,otewelsondy@columbia.edu,868-729-7370
18145,Mike,Gockenbach,QVImVluyu3,Consumer,vstapletondz@chicagotribune.com,270-932-2635
18160,Mike,Kennedy,TdkpxS8K4,Consumer,fgurneee0@webs.com,953-233-4881
18175,Mike,Pelletier,i7dMLe,Home Office,leblee1@ucsd.edu,818-400-7365
18190,Mike,Vittorini,ubSNlgSrA,Consumer,lpinnockee2@comsenz.com,385-796-2608
18220,Mitch,Webber,1t1ELZ,Consumer,foharee3@unc.edu,869-589-2195
18235,Mitch,Willingham,YAL9F64p,Corporate,krousele4@pbs.org,551-356-4135
18280,Muhammed,MacIntyre,3JAoCRsal2p,Corporate,mebbutte5@feedburner.com,575-617-6110
18295,Muhammed,Yedwab,3izGos9m4HU4,Corporate,agartsidee6@businessweek.com,215-416-8226
18310,Nancy,Lomonaco,L5fuax8o,Home Office,lganne7@nationalgeographic.com,531-475-5289
18325,Naresj,Patel,xGiKUcSxZg,Consumer,lneevese8@slideshare.net,912-140-5770
18340,Nat,Carroll,Ib2XhM,Consumer,ppetforde9@bizjournals.com,173-253-0539
18355,Nat,Gilpin,8FlOM2MN,Corporate,xgoosnellea@craigslist.org,923-162-1495
18370,Natalie,DeCherney,k7mowqTJ,Consumer,jcrambieeb@apache.org,257-923-0406
18385,Natalie,Fritzler,XpgbylIf,Consumer,brenahanec@toplist.cz,882-165-2684
18400,Natalie,Webber,yoJVHx,Consumer,elempertzed@ca.gov,448-274-9020
18415,Nathan,Cano,mbrt30r2f,Consumer,mchidlowee@princeton.edu,568-490-6055
18430,Nathan,Gelder,JmQz5ef,Consumer,alorrowayef@marketwatch.com,145-469-2569
18445,Nathan,Mautz,amh5xwysE4,Home Office,crowletteg@sciencedaily.com,714-828-9690
18460,Neil,Ducich,P3AUlF95D0mL,Corporate,tdryburgheh@drupal.org,832-366-2974
18475,Neil,Französisch,TeY9QE,Home Office,hbetzei@businessweek.com,502-125-1261
18490,Neil,Knudson,2zzN3IXB,Home Office,lbossonsej@army.mil,648-588-6905
18505,Neola,Schneider,R8huQk,Consumer,aformanek@paypal.com,192-394-7081
18520,Neoma,Murray,XJftUs,Consumer,aswadenel@hubpages.com,351-455-7593
18535,Nick,Crebassa,h9R0F94tg,Corporate,nturneuxem@uol.com.br,849-235-5618
18550,Nick,Radford,SNBZc8gRD3,Consumer,lbellarden@infoseek.co.jp,207-519-7473
18565,Nick,Zandusky,T6CKgDz57,Home Office,chandasydeeo@jalbum.net,413-517-9394
18595,Nicole,Fjeld,o8s1pVG,Home Office,djuggingep@phoca.cz,597-460-6135
18610,Nicole,Hansen,2TvzHq,Corporate,dcalderoeq@instagram.com,516-699-3406
18625,Noah,Childs,8EIz6aMqL6Cb,Corporate,aseelbacher@bluehost.com,408-964-2507
18640,Noel,Staavos,hpRNq0O,Corporate,ylargentes@europa.eu,121-385-4056
18655,Nona,Balk,mVrEGUmd,Corporate,ptryhornet@wsj.com,728-343-7360
18670,Nora,Paige,4QuFzkgz,Consumer,ehughsoneu@blogs.com,590-264-8865
18685,Nora,Pelletier,98jMjr,Home Office,ajoselinev@pen.io,678-190-1325
18700,Nora,Preis,c69UDT,Consumer,bheinemannew@wufoo.com,549-725-3387
18715,Odella,Nelson,ASnS0o,Corporate,mtenmanex@cdbaby.com,890-269-7539
18730,Olvera,Toch,m7X0AJt3orR,Consumer,smatthewsoney@miibeian.gov.cn,443-225-1271
18745,Pamela,Coakley,D2q8u9fG,Corporate,ymatthewesez@sina.com.cn,311-387-9844
18760,Pamela,Stobb,OPuFk9fMSRx7,Consumer,fharhofff0@cnet.com,487-375-8191
18775,Parhena,Norris,OAkhEyD,Home Office,jcashleyf1@naver.com,361-283-0541
18790,Patricia,Hirasaki,Ys9jkg4j4Wtu,Home Office,rpherpsf2@timesonline.co.uk,742-572-7720
18805,Patrick,Bzostek,K2htKr2zfk,Home Office,llyndef3@ifeng.com,659-730-0482
18820,Patrick,Gardner,mzu5C8dY,Consumer,rchipchasef4@artisteer.com,349-392-5693
18835,Patrick,Jones,qAZWoubSIW,Corporate,esmyef5@vk.com,652-964-4424
18850,Patrick,O'Brill,acFQCdlI,Consumer,tfrydf6@ed.gov,584-556-7807
18865,Patrick,O'Donnell,FIyEIFBOYAHv,Consumer,lfowleyf7@yellowpages.com,130-930-3511
18880,Patrick,Ryan,j7SxU0Vj16s1,Consumer,rpymarf8@google.cn,611-119-7882
18895,Paul,Gonzalez,AFdIgu,Consumer,viwanickif9@shop-pro.jp,896-155-0975
18910,Paul,Knutson,JeFpaFsWkP,Home Office,kmundwellfa@redcross.org,500-866-1452
18925,Paul,Lucas,V9aQJtoA,Home Office,rbotrightfb@about.me,332-137-3401
18940,Paul,MacIntyre,7afwvJLuDp,Consumer,gbroadnickefc@reddit.com,161-891-9840
18955,Paul,Prost,YawefDND,Home Office,pkrusefd@soundcloud.com,969-567-2818
18970,Paul,Stevenson,Kfdhu4EkN3X,Home Office,caddamsfe@hud.gov,341-667-2913
18985,Paul,Van Hugh,bsjRPqm,Home Office,lfreezorff@so-net.ne.jp,284-451-4973
19000,Pauline,Chand,IT8PqEnjj4,Home Office,ehoytefg@vkontakte.ru,458-981-2270
19015,Pauline,Johnson,dbI8FGrQV,Consumer,aemsdenfh@amazon.co.uk,941-590-4944
19030,Pauline,Webber,4cdjUyBle,Corporate,gmcfarlanfi@google.pl,379-294-6476
19045,Penelope,Sewall,2gyU3cb,Home Office,bbristonfj@weebly.com,820-300-1310
19060,Pete,Armstrong,OKV8f9u,Home Office,scarringtonfk@mayoclinic.com,541-514-1935
19075,Pete,Kriz,bjCWYIaIaIX,Consumer,rhastwallfl@livejournal.com,884-506-6955
19105,Peter,Bühler,9psdszzo5,Consumer,oboickfm@auda.org.au,599-438-8227
19120,Peter,Fuller,s0kMEFznX,Consumer,pmaslenfn@is.gd,536-223-6091
19135,Peter,McVee,lXLwyjySkui,Home Office,stongsfo@jalbum.net,832-677-6667
19150,Philip,Brown,e5lVolbrag,Consumer,ashrimptonefp@purevolume.com,816-577-0812
19165,Philip,Fox,hX38kO,Consumer,ssimmsfq@ifeng.com,504-437-6369
19180,Philisse,Overcash,6OFE6k,Home Office,mmacdonaldfr@wufoo.com,535-509-1877
19195,Phillina,Ober,vT036FIg,Home Office,barstingallfs@eventbrite.com,413-473-5416
19210,Phillip,Breyer,R4PgUTjn,Corporate,ahearnesft@hhs.gov,103-841-7831
19225,Phillip,Flathmann,85hX5SN,Consumer,schallisfu@stanford.edu,620-695-4031
19240,Pierre,Wener,nGJGSzE,Consumer,econniamfv@merriam-webster.com,374-829-3621
19255,Quincy,Jones,82vaf3YvR3,Corporate,hyarringtonfw@army.mil,664-213-2519
19270,Rachel,Payne,tRGGsNu,Corporate,ccovottofx@indiatimes.com,120-589-3957
19285,Ralph,Arnett,eNMwaw,Consumer,mjamisonfy@flickr.com,534-975-3152
19300,Ralph,Kennedy,CdQ4mKqC,Consumer,kdallywaterfz@bing.com,158-750-2233
19315,Ralph,Ritter,DVPzm2JgZ,Consumer,cjacobovitzg0@arizona.edu,653-614-4057
19330,Randy,Bradley,pigBEhORt92e,Consumer,cstringmang1@mozilla.com,358-233-2768
19345,Randy,Ferguson,PKpv3s,Corporate,lshereg2@imageshack.us,293-787-6248
19360,Raymond,Buch,yBsM8g1U,Consumer,jlejeang3@nba.com,718-651-6917
19375,Raymond,Messe,REB2kradGUjz,Consumer,csentg4@go.com,472-221-7363
19390,Resi,Pölking,Ty4gaz3,Consumer,lmartinetg5@google.cn,106-710-8055
19420,Ricardo,Sperren,FOWhJp,Corporate,kkorousg6@google.it,897-661-8589
19435,Richard,Bierner,nRLZ90lWbJY,Consumer,zkeenlysideg7@yandex.ru,558-574-0553
19450,Richard,Eichhorn,MrS6lxV,Consumer,bdulwitchg8@cnn.com,760-869-5739
19465,Rick,Bensley,tr23sxf917p,Home Office,ehulettg9@bloomberg.com,384-934-1167
19480,Rick,Duston,o7ZQDOlFP,Consumer,vdearnleyga@people.com.cn,495-494-2091
19495,Rick,Hansen,YzHXspLLS,Consumer,rmenghigb@fastcompany.com,674-695-5773
19510,Rick,Huthwaite,77k8KK,Home Office,cbrennongc@sourceforge.net,697-579-0688
19525,Rick,Reed,hk0h8mA,Corporate,oellacottgd@toplist.cz,804-283-9617
19540,Rick,Wilson,sSUKQ7WmLd,Corporate,jkalbge@state.gov,370-869-2488
19570,Rob,Beeghly,HttfEVN,Consumer,baugurgf@ca.gov,225-995-1489
19585,Rob,Dowd,RMJqo1w,Consumer,skintongg@indiegogo.com,810-928-0899
19600,Rob,Haberlin,NT2oq5ya,Consumer,acastelgh@businessinsider.com,414-682-5755
19615,Rob,Lucas,HlZ9qQB,Consumer,lkennifickgi@devhub.com,502-526-8795
19630,Rob,Williams,QEO4YXl,Corporate,adurrancegj@salon.com,322-228-0218
19645,Robert,Barroso,9l3lOh,Corporate,rmintogk@hao123.com,496-144-4253
19660,Robert,Dilbeck,203ghyL5,Home Office,willstongl@instagram.com,641-650-4810
19675,Robert,Marley,xLyy2WWGFtj,Home Office,mlivingsgm@twitpic.com,778-646-1081
19690,Robert,Waldorf,yPXOTat9D5,Consumer,srussegn@google.ca,365-363-4716
19705,Roger,Barcio,vpbYPqBhF,Home Office,mleynaghgo@taobao.com,693-768-9673
19720,Roger,Demir,CRdgBp,Consumer,nparrettgp@studiopress.com,337-540-2249
19735,Roland,Fjeld,tGXUcUFjHknD,Consumer,dkingstongq@smugmug.com,749-326-8020
19750,Roland,Murray,5FXV8J,Consumer,emenghigr@spotify.com,395-922-4039
19765,Roland,Schwarz,NnIlV1OKlG,Corporate,cbrymnergs@auda.org.au,450-796-7694
19780,Rose,O'Brian,wNF1fq28,Consumer,ashrimplinggt@ameblo.jp,424-774-2984
19795,Ross,Baird,a5Qi6LTwOFv0,Home Office,klattagu@sciencedirect.com,517-618-1993
19810,Ross,DeVincentis,VXKsjYEZaZHB,Home Office,aingongv@google.ca,489-937-2059
19825,Roy,Collins,uaql26aO,Consumer,lbecconsallgw@clickbank.net,584-242-0604
19840,Roy,Französisch,wsuQGgUc,Consumer,adufaurgx@nifty.com,755-859-3527
19855,Roy,Phan,CRalv8,Corporate,kbrownsallgy@quantcast.com,874-705-9007
19885,Ruben,Ausman,KZQ2epPoqe,Corporate,bfoucargz@npr.org,581-571-1218
19900,Ruben,Dartt,k7UiVT,Consumer,lbogaceh0@usnews.com,670-221-3754
19915,Russell,Applegate,k2bJO7k1,Consumer,ggallihawkh1@taobao.com,190-473-9202
19930,Russell,D'Ascenzo,v6FFWnTq,Consumer,mmacnockaterh2@walmart.com,947-811-8039
19945,Ryan,Akin,7yMuZdO5y71N,Consumer,mcakeh3@eepurl.com,522-295-0370
19960,Ryan,Crowe,RAK8S0So16,Consumer,jblockh4@miitbeian.gov.cn,323-559-1180
19975,Sally,Hughsby,a56FQfl76ov,Corporate,elappingh5@washingtonpost.com,658-967-3457
19990,Sally,Knutson,fi4MVf51fbkJ,Consumer,kschutterh6@apache.org,576-574-2310
20005,Sally,Matthias,wZrtAYwH6,Consumer,nbraveryh7@netscape.com,792-884-9506
20020,Sam,Craven,BTtOf9UvhW,Consumer,vrobarth8@berkeley.edu,587-113-3699
20035,Sam,Zeldin,szuPpfxU,Home Office,glarrawayh9@delicious.com,747-104-8264
20050,Sample,Company A,rBOHUIsaJ,Home Office,fferierha@samsung.com,505-721-8815
20065,Sandra,Flanagan,2QzdpBjEMpQ2,Consumer,jmcvanehb@geocities.jp,384-318-2228
20080,Sandra,Glassco,XEvkTIii0gST,Consumer,ahavershc@marketwatch.com,981-374-7894
20095,Sanjit,Chand,bMaLIdUbWMjI,Consumer,cmurisonhd@sakura.ne.jp,174-965-7003
20110,Sanjit,Engle,bNn2Pk3nVn,Consumer,rmcilvaneyhe@twitter.com,324-238-6980
20125,Sanjit,Jacobs,Uktu2f,Home Office,mtummondhf@nature.com,432-288-0625
20140,Saphhira,Shifley,kC8EPAa,Corporate,skorbmakerhg@mac.com,966-182-1492
20155,Sara,Luxemburg,KGc8czB0,Home Office,ckornelhh@ebay.com,124-611-8057
20170,Sarah,Bern,rsQr83g8u,Consumer,hhaswellhi@walmart.com,678-526-9202
20200,Sarah,Foster,S8W25aKtsk,Consumer,rnoirelhj@feedburner.com,342-887-5280
20215,Sarah,Jordon,QCEeJQCpGtfe,Consumer,bducarelhk@yellowpages.com,185-386-2455
20230,Scot,Coram,1qwxQyP16,Corporate,rbanbridgehl@columbia.edu,582-643-0531
20245,Scot,Wooten,lY7TG9NO,Consumer,bsaladinohm@latimes.com,300-248-9503
20260,Scott,Cohen,a1XIfqjJE8B7,Corporate,mfebenhn@technorati.com,656-823-1180
20275,Scott,Williamson,IBq6lDnvp,Consumer,cedgecumbeho@mac.com,497-413-6559
20290,Sean,Braxton,52rn2WtM0,Corporate,dpamplinhp@huffingtonpost.com,314-988-8053
20305,Sean,Christensen,rA3AUJCnQ,Consumer,tlonghornhq@people.com.cn,711-428-1129
20320,Sean,Miller,Ah76AFbN,Home Office,dfozzardhr@aboutads.info,851-757-7176
20335,Sean,O'Donnell,Ct9bu6MKKuC,Consumer,djanaudhs@discuz.net,651-218-6375
20350,Sean,Wendt,flcdZIlk,Home Office,fjuliffht@bloomberg.com,492-367-1148
20365,Seth,Vernon,9qjjYpoGTpzE,Consumer,viacomihu@ebay.com,209-258-2424
20380,Shahid,Collister,wtNApkH,Consumer,cyeandelhv@virginia.edu,743-708-4812
20395,Shahid,Hopkins,zD9v4bAF4o,Consumer,vburlehw@yandex.ru,550-838-4138
20425,Sharelle,Roach,1LbL2m,Home Office,lbarthruphx@oakley.com,351-769-9881
20440,Shaun,Chance,FUd5eLJ52YH,Corporate,avynallhy@ed.gov,469-523-4945
20470,Sheri,Gordon,MNFI70ybg,Consumer,cblinthz@usnews.com,257-472-0113
20485,Shirley,Daniels,Y486gEOC9,Home Office,chalpeinei0@opensource.org,610-357-4380
20500,Shirley,Jackson,XIoP9QJo2Wn,Consumer,bwytchardi1@dagondesign.com,458-426-9511
20530,Shui,Tom,DGdYqq,Consumer,cambroschi2@deliciousdays.com,177-898-8642
20545,Sibella,Parks,A0E0xDH,Corporate,fvillaroni3@baidu.com,390-680-5700
20560,Skye,Norling,sbbboCeOX1,Home Office,obooyi4@statcounter.com,165-157-4515
20575,Sonia,Cooley,RHziZLxpr,Consumer,gizacenkoi5@w3.org,680-432-0491
20590,Sonia,Sunley,DDgbWqC,Consumer,pblakebroughi6@pcworld.com,845-160-0529
20605,Speros,Goranitis,BM4ZVjvC,Consumer,mgorckei7@sourceforge.net,954-778-3917
20620,Stefania,Perrino,T04VipdRkd,Corporate,sbelfelti8@mozilla.org,755-270-3832
20650,Stephanie,Phelps,F9orq9FM,Corporate,rwormstonei9@bloglovin.com,248-423-9995
20665,Stephanie,Ulpright,w9XdrCr,Home Office,abeedieia@desdev.cn,197-653-8522
20680,Steve,Carroll,AjOWMCHaw,Home Office,emaunderib@symantec.com,718-634-4750
20695,Steve,Chapman,KvDVDHE,Corporate,jmayfieldic@cornell.edu,631-612-9269
20710,Steve,Nguyen,CLXTUt,Home Office,ddalemanid@exblog.jp,656-968-6136
20725,Steven,Cartwright,j1GR9F7oSS7,Consumer,cbeadellie@sakura.ne.jp,321-478-8483
20740,Steven,Roelle,p19ys7CpV,Home Office,llarwoodif@cpanel.net,248-236-6047
20755,Steven,Ward,br4lrhW5Tp,Corporate,lgrishukhinig@sourceforge.net,241-841-7346
20770,Stewart,Carmichael,4KStoc,Corporate,mpalleskeih@uol.com.br,831-556-7191
20785,Stewart,Visinsky,zReCC3b,Consumer,lbrothersii@latimes.com,874-422-9878
20800,Stuart,Calhoun,0SMvVC5OcIFq,Consumer,mpetracchiij@rakuten.co.jp,665-429-1293
20815,Stuart,Van,iiGKyOm9K,Corporate,aleattik@delicious.com,913-323-0998
20830,Sue Ann,Reed,H9kG5Krc,Consumer,selksil@networkadvertising.org,877-497-1073
20860,Sung,Pak,GlZ1m7Get,Corporate,astoiteim@epa.gov,966-381-8123
20875,Sung,Shariari,Fn07R85OP,Consumer,hskeldonin@aboutads.info,139-354-9718
20890,Susan,Gilcrest,yOREXBaKliko,Corporate,ajinkinsio@parallels.com,123-478-2421
20920,Susan,Pistek,QZKAXJ,Consumer,eschusterip@altervista.org,525-979-3925
20935,Susan,Vittorini,NDzSRm,Consumer,cchessilliq@nytimes.com,708-831-0752
20950,Suzanne,McNair,Wu5brLex,Corporate,lbaudicir@utexas.edu,433-310-1200
20965,Sylvia,Foulston,aDsRQpkon,Corporate,jmcmurthyis@fc2.com,831-403-6158
20980,Tamara,Chand,azFr1eOWW,Corporate,ahymersit@liveinternet.ru,505-345-8596
20995,Tamara,Dahlen,7P6Ebf7cN,Consumer,eattreeiu@fema.gov,647-253-8165
21010,Tamara,Manning,26lW4wA,Consumer,cpetcheiv@huffingtonpost.com,433-839-7514
21025,Tamara,Willingham,2VumpI,Home Office,drederiw@shop-pro.jp,629-662-1581
21040,Tanja,Norvell,wdSkd7sqM,Home Office,tsalasarix@howstuffworks.com,100-785-4725
21055,Ted,Butterfield,C0xyOrYy2,Consumer,naddenbrookeiy@miitbeian.gov.cn,404-702-6384
21070,Ted,Trevino,JpgEfyBb,Consumer,bcowopeiz@bbc.co.uk,704-632-8067
21085,Thais,Sissman,UfZQo6NP8,Consumer,mropsj0@pagesperso-orange.fr,651-781-3301
21100,Thea,Hendricks,2g2Qe61K,Consumer,llermouthj1@boston.com,202-436-7740
21130,Theone,Pippenger,AJD0Uua,Consumer,nmaccawleyj2@netvibes.com,130-203-0075
21160,Theresa,Swint,hL1u1Z0,Corporate,chanscombej3@facebook.com,701-462-2858
21175,Thomas,Boland,ZFnBIGh,Corporate,lhryniewickij4@1688.com,998-192-2516
21190,Thomas,Brumley,yLgiko6EWo,Home Office,jbaconj5@redcross.org,858-440-2112
21205,Thomas,Seio,D7hAOXi5aFpo,Corporate,jbroadisj6@ibm.com,707-910-0328
21220,Thomas,Thornton,F4N9F2O,Consumer,cfirmingerj7@vistaprint.com,445-859-1015
21235,Tiffany,House,shsAJSic58,Corporate,reltunej8@typepad.com,837-272-1826
21250,Tim,Brockman,dZuqviYY,Consumer,dgrishinj9@paypal.com,838-842-5860
21265,Tim,Taslimi,y6AR5Bp,Corporate,gsatchelja@cafepress.com,133-810-5221
21280,Toby,Braunhardt,T9mMy4yRNSK,Consumer,aspilstedjb@usatoday.com,868-595-5790
21295,Toby,Carlisle,L0QHRZovqr8,Consumer,kstockmanjc@ifeng.com,886-527-0078
21310,Toby,Gnade,CjDyZFTAIXe,Consumer,rfitzsymondsjd@cdbaby.com,165-575-2907
21325,Toby,Ritter,CQVmSRFgf,Consumer,ogealleje@1688.com,897-618-7305
21340,Toby,Swindell,aQ9XpoYKm,Consumer,rlambdeanjf@usda.gov,534-641-1961
21355,Todd,Boyes,AwYrSsTu,Corporate,fdinningjg@biglobe.ne.jp,896-525-5238
21370,Todd,Sumrall,EhbEYpIKunC,Corporate,aknobelljh@free.fr,279-387-9443
21385,Tom,Ashbrook,vlzD2h9,Home Office,bmattielliji@businessweek.com,634-605-2566
21400,Tom,Boeckenhauer,ib3bhT,Consumer,csuerojj@webnode.com,445-703-4811
21415,Tom,Prescott,lAwBdvi,Consumer,erabbattsjk@ehow.com,707-424-3922
21430,Tom,Stivers,c5RDnP1TuKdK,Corporate,kezzelljl@thetimes.co.uk,918-692-9449
21460,Tonja,Turnell,rasRqg,Home Office,llodwigjm@altervista.org,396-326-9727
21475,Tony,Chapman,Br5ccqwhXE,Home Office,haysikjn@w3.org,984-141-5204
21490,Tony,Molinari,AOVZP4U0UY,Consumer,gfootittjo@harvard.edu,412-136-2620
21505,Tony,Sayre,pEqMpswv,Consumer,gpelhamjp@who.int,593-419-5795
21520,Tracy,Blumstein,eRRWlR,Consumer,jclevelyjq@ameblo.jp,892-911-8503
21535,Tracy,Collins,EA1I5theqL,Home Office,rfarnabyjr@nih.gov,706-102-4367
21550,Tracy,Hopkins,W8tB1VVdnJgU,Home Office,ncamberjs@eepurl.com,421-471-5838
21565,Tracy,Poddar,6GNHGrs,Corporate,alyffejt@howstuffworks.com,986-635-2506
21580,Tracy,Zic,abNYchElvpZx,Consumer,mmaccrachenju@census.gov,642-910-7961
21595,Troy,Blackwell,RMY60m,Consumer,mnarupjv@dagondesign.com,671-322-4875
21610,Troy,Staebel,f3MzkxhqO,Consumer,ajakubskijw@istockphoto.com,403-749-5149
21625,Trudy,Brown,LUpend6bs4wG,Consumer,yblasettijx@wiley.com,588-678-9628
21640,Trudy,Glocke,St0Rad,Consumer,athurnhamjy@aol.com,916-190-3185
21670,Valerie,Dominguez,XZ3VkQMm,Consumer,mberejz@hugedomains.com,231-844-6113
21685,Valerie,Mitchum,DdxnHDIF,Home Office,nmullochk0@trellian.com,639-445-6309
21700,Valerie,Takahito,tBW3zr,Home Office,acanhamk1@people.com.cn,542-559-9850
21715,Vicky,Freymann,c93kbbGWnbc,Home Office,mlynettk2@live.com,276-970-2370
21730,Victor,Preis,ptyopKoqwH,Home Office,khamfleetk3@altervista.org,585-107-5947
21745,Victoria,Brennan,jimAaNJ2vV,Corporate,ltrudgionk4@hibu.com,104-330-0440
21775,Victoria,Wilson,H4Fk4SA06fU,Corporate,dseppeyk5@infoseek.co.jp,464-592-8785
21790,Vivek,Gonzalez,orCKsigz6,Consumer,crotchellk6@wufoo.com,678-526-4723
21805,Vivek,Grady,7plWq3vuxc,Corporate,dcaswellk7@discovery.com,927-858-5591
21820,Vivek,Sundaresam,96ZbW2wtw,Consumer,clumpkink8@stanford.edu,509-601-7200
21835,Vivian,Mathis,YvoUoK,Consumer,kblaydesk9@fda.gov,299-671-8609
21850,William,Brown,viTfFj2aGQ,Consumer,rpondka@dyndns.org,516-788-3840
21865,Xylona,Preis,tlxyZR,Consumer,dtourvillekb@spotify.com,365-511-2069
21880,Yana,Sorensen,ShDQni,Corporate,gviccarykc@usnews.com,165-413-8328
21895,Yoseph,Carroll,0lJz1BM,Corporate,astofferskd@aboutads.info,929-580-5361
21910,Zuschuss,Carroll,fngDuixI82hg,Consumer,mcruikshankske@google.fr,335-172-4063
21925,Zuschuss,Donatelli,kmJHsieYmsC,Consumer,abattingkf@tuttocitta.it,300-122-2917
